"","mean","var","asm","exc"
"rG",1.89396864305776,0.355071917782724,0.587642900315182,0.420350318160411
"rN",2.30504152806813,0.0955900363749597,-0.0411621282773814,0.020112995787918
"rNB",127.252,652.126622622623,0.411920841371268,0.029479743775624
