"","mean","var","asm","exc"
"1",731.086956521739,51786.0811594203,-0.735073717935867,0.772756645400363
